{"cameraMode":{"drawMode":0,"name":"Shaded","section":"Shading Mode"},"sceneLighting":false,"audioPlay":false,"sceneViewState":{"showFog":true,"showMaterialUpdate":false,"showSkybox":true,"showFlares":true,"showImageEffects":true,"showParticleSystems":true},"in2DMode":false,"pivot":{"x":-447.47607421875,"y":7244.2373046875,"z":701.498046875},"rotation":{"x":-0.03430406004190445,"y":-0.2459905743598938,"z":-0.008711700327694416,"w":0.9686284065246582},"size":11279.423828125,"orthographic":true}