{"cameraMode":{"drawMode":0,"name":"Shaded","section":"Shading Mode"},"sceneLighting":false,"audioPlay":false,"sceneViewState":{"showFog":false,"showMaterialUpdate":false,"showSkybox":false,"showFlares":false,"showImageEffects":false,"showParticleSystems":false},"in2DMode":false,"pivot":{"x":-9900.9296875,"y":1234.782470703125,"z":-518.595947265625},"rotation":{"x":-0.5260776281356812,"y":-0.15005488693714143,"z":-0.09491503983736038,"w":0.8316958546638489},"size":795.7077026367188,"orthographic":true}