{"cameraMode":{"drawMode":0,"name":"Shaded","section":"Shading Mode"},"sceneLighting":false,"audioPlay":false,"sceneViewState":{"showFog":true,"showMaterialUpdate":false,"showSkybox":false,"showFlares":true,"showImageEffects":true,"showParticleSystems":true},"in2DMode":false,"pivot":{"x":0.00000762939453125,"y":6.964869499206543,"z":0.373046875},"rotation":{"x":0.024477720260620118,"y":-0.5997183918952942,"z":0.01835857704281807,"w":0.7996264100074768},"size":133.82041931152345,"orthographic":true}