{"cameraMode":{"drawMode":0,"name":"Shaded","section":"Shading Mode"},"sceneLighting":false,"audioPlay":false,"sceneViewState":{"showFog":true,"showMaterialUpdate":false,"showSkybox":false,"showFlares":true,"showImageEffects":true,"showParticleSystems":true},"in2DMode":false,"pivot":{"x":-4579.4169921875,"y":666.9066162109375,"z":-120.65559387207031},"rotation":{"x":-0.16604796051979066,"y":-0.2155279964208603,"z":-0.03721873089671135,"w":0.9615566730499268},"size":174.2460174560547,"orthographic":true}